seq,acq_score,pareto_flag,pred_tnorm,pred_onorm,pred_logE_expr,pred_logE_enrich,uncertainty
TERCHWSWRCNRPH,0.7268051938861988,1,0.9766408249642798,0.3778372847798541,1.1002221326736301,-1.3510347211697813,0.25600330740354627
YGSFSKAYVFFWWF,0.41754289162502295,0,0.9610948699647704,0.6703148434841809,0.7978493490849559,-1.2078466613914849,0.2535257302888668
EDHEAKDYFSYTGE,0.47149271576283713,0,0.8185959639308494,0.44065179685201444,0.9184180180305036,-1.8953739116587769,0.18709709736800428
MCPPIYLGWRNTCY,0.5225579356237349,0,0.9468444083933929,0.6293372568993586,0.7633900909532044,-0.9715974581991914,0.41010156825940125
EETNCRPRTCTDHT,0.407587081659153,0,0.5170322447039616,0.23359491186544235,1.3482943963039362,0.6218621218734622,0.2482994976412676
VSDYIFHFWQLYDE,0.3948314786814605,0,0.9216658816958173,0.7091364067208503,0.9128065148884801,0.06935140102814925,0.36460400741298704
EFDYHAWHFWWCRH,0.4852055127391625,0,1.0459534873192424,0.6394506561057908,0.9807579523513832,-2.0338900530721697,0.1574053630514217
NTGYQNTGYGEGTT,0.46012608135120864,0,0.753353351616792,0.4414313766821238,1.0002347146981105,-1.8669120410674243,0.29640821283308094
RTEAFRKDHEDLRY,0.39781201324335136,0,0.6819199399845818,0.4376295293193418,1.2390009908793742,-0.3701108589905507,0.3070432051562227
KRCYCHHHHKEWKL,0.4826997650524199,0,0.8402830864928563,0.4177333689883409,0.8862291297845796,-2.3092240446256818,0.120300095095809
LACNNKTLNPQPGK,0.4841623157137803,0,0.7250771535121059,0.4525907464972092,1.0824009505884413,-0.4936033626093894,0.4233518173977672
SHKVLFWHMHLQTH,0.4508242383833322,0,0.8291508055626763,0.4583710959150941,0.7558085434660499,-2.2929608945265527,0.16008905747149998
LAPRTFHVYTDDAE,0.4079029526310967,0,0.8351085433940248,0.6145281494029358,0.8603535163689129,-0.8629708092530527,0.37464511728001526
QCRQYWGTFKGYSK,0.6965348922768173,1,1.0516437755819663,0.45256367391034513,0.8373083942459427,-2.1207429225883474,0.19490958121039217
YYEPTWCTFKPYWF,0.40287965179672997,0,0.8583058448590806,0.6554599016890441,0.8607595511601923,-1.331329417760469,0.400067417253387
SFAWLFMSHWMWQR,0.3930936575316564,0,0.9336092114244098,0.6616004897238464,0.788586554769705,-2.1876655079576195,0.24216987166218615
ESIKEKHSKTHGEH,0.4445358245694042,0,0.6751158025140215,0.3156792927407989,1.0371249929657527,-2.0095656104434796,0.17019862959236337
NCHSPTNNTSPQHR,0.4309867130284765,0,0.5981078923119161,0.2598956911726094,1.081747210371091,-1.8554137682687566,0.1855490237783397
NDSWQFPFTQWWDT,0.415071233160054,0,0.8708344771819284,0.5327338352887198,0.9801061664863258,-1.8939956744832054,0.15394118253369066
DEDNTHKHKKSDWD,0.3910818891131758,0,0.5839328570663452,0.28521711155890234,1.0767641673805786,-2.2414000551639695,0.1847322872114658
EGNYRRKRWYAEIV,0.3993447134988702,0,0.7546168466444776,0.5755635738001693,0.810983976043392,-0.1489076705952201,0.4405828813091238
HSNYYEEHWGTSTR,0.6992753163765348,0,0.9740066099238667,0.3959171741026015,1.1879212066697795,-0.9764987643362422,0.24237176111053937
GDPVYNDRQDSCRL,0.4270838753817584,0,0.6906330205940652,0.35014511381960095,0.842680281978136,-2.0859070469677463,0.17319193721458834
HHKHMAQNPHCAAH,0.47592238640928464,0,0.7163494533389873,0.42175067229334334,1.0590589377317752,-0.6441078603016545,0.36264721072728145
NPPPNCSHCRRSRH,0.49944298296389156,0,0.6545698680545259,0.24280729110205035,0.8311748389830537,-2.244986931554449,0.175360812022832
RHIPQATLRQPKIP,0.5589044144746451,0,0.7348458098895422,0.4145620577477747,1.0352488858433986,-0.9355212454544454,0.4772413246657552
RLHPHCTAEEPRCL,0.4688477343422608,0,0.6377784133498438,0.34698535487759496,1.3376627474101772,0.1917437295173486,0.35610935174002395
MRIKGLMDHRDHHS,0.4253853503180964,0,0.6724481602216718,0.35946290348723786,0.7854047708026659,-1.6856400557902378,0.22480018716732494
EGGEEHWELERSTT,0.42313798091287597,0,0.7200830314500589,0.4113042030937333,1.2819213941271117,-2.2244369172356353,0.22871830511310068
CFGHEFWYCSQKWE,0.4226293803467941,0,0.8366336699058107,0.5393895072600824,0.8089827816998453,-1.3462341257170316,0.25077043540213156
CSGPCGRCYFPGGF,0.3984723304997956,0,0.7201470217165787,0.43990493403384706,0.9644621365532791,-1.6961998211989373,0.23646048563412775
LARHSGGWLVARWP,0.39733902829615386,0,0.8680479439783481,0.5721066842976418,0.8517521599263674,-2.209279917759484,0.20279553723089522
RYFRPDFWYDQEEP,0.3892131185561432,0,0.827667003069598,0.5951780887244028,0.8769822314751702,0.4319596798966053,0.31344840842189614
RSYFSYHRFNNYYQ,0.6719100238036064,0,1.0798302720153505,0.5387353784543473,0.9027436980491735,-0.6196999949940349,0.26163026048520627
CHDRPWVHFHFHWC,0.6066702446297697,0,1.0212029870881576,0.4914203092799345,0.7662853556818742,-2.1812897828928572,0.15377513364309325
GDSHQFSTHQGTSG,0.5833090412922364,0,0.728892823393107,0.3130730661049588,1.0343633780688954,-0.8026891498314721,0.3349785680081763
CAQDWTDHYNFCCN,0.5297384381346523,0,0.8250125447958374,0.48972308100060635,0.798663537758355,-0.25393726648512444,0.38889794867884236
GLWQYALQDHFTIF,0.3877172675654865,0,0.8992586041103315,0.6388581473667269,0.7602019589893684,-1.1791944454995396,0.2546336216437637
KVNALQHYDHTPNI,0.45849226621413497,0,0.753103183653431,0.5378718636732196,0.8439171659613449,-0.8405622670120643,0.48652189246784716
FWRWYWPYKYNYTQ,0.4471798644100924,0,1.0536868945861766,0.704656074885382,0.7724403187417387,-2.853145359495686,0.19629808941859556
KREEARKYWPRVHR,0.41242616161232715,0,0.7741284694205293,0.4493249954681609,0.8446364458754289,-1.8662157999084217,0.17524537531991755
KKYNWNPQQTRQNS,0.5150445218606848,0,0.7206990776535874,0.32660239207061265,1.028808900078934,-0.9763734439021098,0.24189567255542002
IPERRRHKTKSARC,0.5987239566704079,0,0.7833909624385206,0.24927564092119947,0.8558708362520727,-2.3276809938026592,0.12921727030617347
EYDTHRDCEWFTGH,0.4933108179741607,0,0.7763423887067549,0.42343621109775914,0.8947522651686466,-1.763789517759327,0.28080928073032996
NHINGWGIDNVSNQ,0.43303427941076095,0,0.7419594681985652,0.5439818274314532,1.061884597068811,-0.4591201401286072,0.4701132772872979
NKMVHFYCRWWINR,0.4166969138466394,0,0.9362707457646242,0.6222035083703942,0.7909878120263372,-2.7914224783756887,0.20525935290481884
EPRRWHDNHFHDNS,0.5157028229182106,0,0.7647675747606538,0.38305351262684,1.1049978136346577,0.4260886641146911,0.2679775215687935
ECRRGQTPQKEHPQ,0.40282958964596055,0,0.5771517269179501,0.2323808644522899,0.9104636319121017,-2.6247090439731164,0.11611745436060059
IHYTDHGKFICDKH,0.5180217263084048,0,0.796351411558426,0.36855403866593245,0.7801464371424548,-1.299474568448818,0.18044870683182257
VRHYTRCGCRRCFR,0.5285918443983493,0,0.7773116182728094,0.3202529145758864,0.8297697920679031,-1.5038570718855075,0.14306628140285263
YECHWKYERPQWKF,0.5059566564554637,0,0.878480410189488,0.5013146720608002,0.9181398843711676,-1.5103340010198283,0.2575818366535519
KLWAKCYWCVMWHE,0.5440041770882948,0,0.9877089762929291,0.62958687120114,0.8301379126572747,-0.5672053341194312,0.3717641439930116
SGTAGWYFCWHNFG,0.473012679894282,0,0.960765385970516,0.5819973343436968,0.8096384800605136,-2.3059916849848663,0.18848925653492565
ANFKSKFYWYWAHW,0.4348152238027796,0,0.9500823768008533,0.606856051690723,0.7713449725083517,-2.0010937916579796,0.18317779738529866
GHQYNKFHPTQFDH,0.7184280477148469,1,0.9867779470365982,0.4152057208142259,0.9406186862385385,0.6624594991195606,0.29371164298494934
NNSLHTSYCLPYGH,0.6119814964681446,0,0.9068632660904559,0.3633308076826674,0.900693213386898,-1.8057052173176584,0.13689807612071206
SITRSGRRGRQHNV,0.6047959139337657,0,0.7436524429728136,0.2238711522916161,0.8061792413836008,-2.4367425203202893,0.17002924650513648
ANCHCTYPHPKLHY,0.5888827722228587,0,0.885089550753396,0.38680367711010916,0.8911336648057033,-1.4288987452202286,0.1811937971591437
HGNRYPQNKCPQCK,0.5880887601217736,0,0.7779319828379663,0.23791894653307263,0.9417524604769033,-2.2073536765931023,0.09615144763375989
HSCDWQDWFWKRDK,0.5395731706477869,0,0.9085142443167591,0.5104236616853789,0.8907142258383463,-0.5701235635760272,0.28296517603281324
KNKCNRDEWEQWGT,0.4958503494311817,0,0.7377596559873182,0.38815844645404357,0.9547700926515863,-0.5808484343405129,0.2924982797958142
NCKNPYPQNFYKFD,0.483614229124141,0,0.8460512131608066,0.4554459238778503,1.114828639531278,-1.3452679265815422,0.18601787968236944
CGSSTPEPFSNEKN,0.48162095334848865,0,0.7687207939466969,0.4093048515589926,1.0486353512268016,-1.4718501808709965,0.24441002192156863
EEHRRTMFGEFATP,0.46578794097745324,0,0.7634829058534153,0.4061725213637262,1.0431617422926562,-0.3014849763787243,0.21695511297552844
YGHHKEGSEPHDSN,0.44018767972809536,0,0.5937196750924253,0.22593146647750484,1.231691499819747,-2.0374835910950604,0.1447989422263498
HSVEFFYGDINYQC,0.4899830477473772,0,0.8422256066621056,0.5337797662940836,0.9942750324987636,-0.017029947592950862,0.36307441475871055
PFWVYCYSWFNQMK,0.4532619873900786,0,1.0134637759430578,0.7182634435093939,0.9419354456589782,-1.4195684640325015,0.3161233099128293
ERWNHFWTAWDISY,0.4467471384988253,0,0.852656532248397,0.5881194754319713,1.0915320739483783,0.043126572043077516,0.3644201633647992
TMYWFCYYLCEQCG,0.4339638441656549,0,0.9827819981539165,0.6858187075388608,1.0807502625709022,-1.0723210608490676,0.27400110710119835
PMHINGHKMFRDIR,0.4334476256548616,0,0.7454023745716424,0.4264459484017078,0.8493712529958156,-1.408858069698266,0.22898239896985403
DNRDGVYWFHIISL,0.4275567284133581,0,0.8088474773892705,0.6692002436197152,0.9088686916914104,-1.4298265367346639,0.5758189892876056
QSCFWQFWNSGSMC,0.3906037224771516,0,0.8738378980491434,0.5781617625330021,1.1845476316447117,-1.4251332864890098,0.18985517392202073
YPQRQPKKTEKKCK,0.5437908482771877,0,0.6859385025738026,0.2091291220483286,0.8378917810998456,-1.9544295244212322,0.1339629355034274
KRKDHDSHTYIDRA,0.4100527835411205,0,0.6507431607594568,0.36623314344181157,0.908121164586599,-1.5757980229076451,0.2510855324469505
KDICYWREFVPNED,0.4547155943410819,0,0.8109217009329379,0.5711386163068659,0.8332347890177821,-1.1988042828726488,0.4298650194300198
CKFRKYQTPKFVTH,0.6297615887866016,0,0.9650092349359154,0.44958635246361306,0.817874089129257,-1.6017353500152574,0.2286774126285984
LNPDGYFYKLQDNK,0.5886669685139544,0,0.9335928024852841,0.5319778023910683,1.127123194612378,0.4104329238136577,0.3741039368394772
WKNQYKLQTHYYGI,0.5754545849409893,0,0.96570122341456,0.512277564639629,0.7640716794111366,-1.3493160435796858,0.24406185233211664
HFWCFSHWIGNAYN,0.45279772373029975,0,0.8481577549007892,0.6467535469569725,0.9845630356769991,-1.039084148560275,0.5027870315729662
YKDYKYKYCDSCWY,0.44023413362464625,0,0.9254202668405779,0.5856786923597513,0.7786069408445414,-2.254316644376725,0.20098511828763937
RGHHICMRRCEFSH,0.4190886633497102,0,0.6533386260983466,0.3240484342290905,0.7672212193561839,-2.7460945000210315,0.17959694296090828
NKHEAMLYKFKEET,0.41028993021930044,0,0.8351726205680728,0.540290472371061,0.9494778596982055,-1.2619092802696579,0.23081556404457718
RLLHRHKHWTRTEI,0.40869090048499424,0,0.7499257918349779,0.4079051349453602,0.8439906017701638,-2.6415676748471166,0.13334048719075306
FLNWDSWWGDNCDC,0.40485380545125316,0,0.8580062475100445,0.5757424446631164,1.062860813077172,-0.9876509052999887,0.24518000520865013
ISKQYTCYRQESFR,0.6240996186754375,0,0.9422640935653033,0.5130420377883868,0.8663358989461755,-1.2337510406719077,0.38975512579704197
THWHWKTDCTHTVD,0.5855134864841972,0,0.8808478330293905,0.44540297998068623,1.0723415100358824,0.02101914602335529,0.30013726687098585
IKRNECIYPPSGGH,0.582166490117662,0,0.8475429338928698,0.45455719704708203,1.34925013399398,-0.5688995481960123,0.37836150654374834
QNATTETYFGCGKK,0.5546643578668125,0,0.8330481836249389,0.46709054101868186,1.0156066203324567,-0.062349998556459084,0.3774134305211108
KCGKAYWVQYSYPE,0.5537737657695729,0,0.9274540857251479,0.5801474162493204,1.058458610051304,-0.8022702674866352,0.412934192587491
RDAWQYTRYWSKDD,0.540550988179423,0,0.8946254988359685,0.5026841301757595,0.9212802607683673,-0.6834816121244742,0.29721923903842795
HCTCRRCRDRHEGG,0.5350650484802996,0,0.6651996277079388,0.20589325951714965,0.8687944581739256,-2.3633827106146987,0.15151736057902085
KTSNPWMRFNMDIM,0.5251323048186831,0,0.8515364277515083,0.5750856719089822,0.8546490350243379,-1.97821486369033,0.497363097952314
PQKEQKVCQCHTSR,0.5117557079443131,0,0.696182346051263,0.2853237525224282,1.1606376178624571,-2.353650536874266,0.20179422883095685
NYDKEDAGWYKRKD,0.5045635953691461,0,0.7386674761207302,0.47076345673459713,1.0596127590927806,-0.4971617093706994,0.4733191519660258
RKQLERSGQYENQQ,0.49398210425206746,0,0.6603976729085578,0.2695254457063383,1.0576429983254503,-2.263397970172235,0.2062197540996959
QYPYVCLIYVMKRT,0.49128771489449996,0,0.9286217088554194,0.6443316816472714,0.8784200955905139,-0.899539112788012,0.41399537537270387
KMQDFRGQADTEKR,0.47767101036631776,0,0.6533445984359783,0.37154162264155605,1.1195920969679756,-1.0245844194992977,0.39173606914379105
CQRQHHFNCNLACI,0.4743208731516729,0,0.8341311020305108,0.46468147680440647,0.9652966707658989,-2.403073558672754,0.20974249585113713
AILKCWHKCDSDQS,0.4494124941556149,0,0.7436996904150078,0.45778370109439287,0.7646023783652584,-0.7301908178767076,0.32699300966999995
NTCRNDEGWDNGPA,0.44564153277929486,0,0.6891006166255433,0.41552065871861615,0.9679353947447192,-0.5909750702543394,0.3441231497447354
GNRPPCPWSSSNGA,0.4330133479787184,0,0.6801258520523067,0.40792597645272727,1.4334461361644502,-0.27203333618515096,0.32162694475827797
REQEETADYSGKQR,0.4264379465814115,0,0.7629693124021033,0.42583633048364283,0.9877493196244909,-1.2197058929946503,0.17860992932590206
RCKWANSIHHIPYD,0.4237396852337103,0,0.8191890007095156,0.4969430622738562,1.16288270343119,-1.8134027303077709,0.20298749359610183
SGPGSDNWWGETPY,0.42191232834678083,0,0.7865626319243729,0.5492829784160632,1.19320360232131,-0.2558398114744502,0.36926534967694224
REPKFWPVKAAMYH,0.420412083657764,0,0.8883157351294053,0.578680538580949,1.0903797826519386,-2.5542284029308227,0.22155377421861547
DWCETQWLKCDHND,0.41629448367036087,0,0.7485576880185754,0.41437954650765474,0.9469079816471929,-1.7660513192923533,0.1642326843188805
GNGSEKLHRKHHID,0.40542496555489865,0,0.6274945699289446,0.3160813785769909,0.9599862898820891,-2.310273889501189,0.18802354840588995
AECQGSKNTRDSCG,0.3992486155054911,0,0.4924225230625409,0.31638753179329343,1.252110918052889,-0.5005463702096686,0.44642724847248727
YCVNKKHNKKTKKP,0.6572390516526484,0,0.787095714012881,0.21686176286751668,0.8710287667808562,-1.953905609549227,0.1740102010145681
IRKYSFYYDNCYTF,0.5946040660036682,0,1.0602028784688724,0.6207175986578461,1.0200726053080724,-0.3430734895752214,0.310237572385284
KWNYWMQYRRESYC,0.592479090592548,0,0.9820612129194322,0.5220105461831857,0.7689661912985585,-1.6171315834926725,0.2648568477126029
WWSNHWWSHNNYSN,0.5750003672591683,0,0.9880817333530412,0.5688984719342879,0.96695174286581,0.28705679688395574,0.31163421168083
RHSRRECEGWCQRC,0.5502047018398482,0,0.7307924865055889,0.27515099972255014,0.9317820264620861,-1.7394851523008283,0.18912643011361868
HWWSYKDYDWDSAP,0.4832824738527028,0,1.0290257302121464,0.6403958948119358,0.8464505425450258,-1.1176776421565078,0.18930527690498447
EGHKERWRSEKAKD,0.4775567704957998,0,0.718582234051829,0.31630627898447256,1.2884949087116164,-1.7301680071757637,0.15056163085688684
VTGNIRIFPMGAQK,0.3999529321715838,0,0.8687848550600616,0.5770557721328821,0.9999106001778215,-1.2090793579354144,0.21644769848880846
THQQTMRPKHFVAH,0.5797309858435902,0,0.8320565452600692,0.37583453965560726,0.8880383701282808,-1.435207882471705,0.24701796047825653
KEKYWHKHDGSKNI,0.5458165766447138,0,0.8259576106139092,0.37618433123685874,0.8627211533890811,-1.7078310733807693,0.19208659453532678
RDEHDVIQWTIHRK,0.4494421921392712,0,0.8387381438822664,0.4572697710470417,1.1552695360192102,-1.5844251154621807,0.13594763860809303
GHWAPMKGKRRFHA,0.46985891141246366,0,0.8128817230512645,0.40640551339174213,0.8614189264454685,-2.605056517731855,0.1267654035058826
SWHVWWGSWHKMFF,0.4423279144543303,0,0.9807156338920714,0.6798347841474911,0.9035326726080504,0.48366786484647584,0.28289412941950004
NEYSYYGGYWKFCN,0.5665724520685449,0,0.9373416991299806,0.5697711565768234,0.92199479028484,-0.5104140244505935,0.3980038190307756
KCYQFYRYRGACKF,0.5130046690305061,0,0.991683263171959,0.5713927954929431,0.7878826471920553,-1.94463552106074,0.1854284027029804
KACMLFSHWQPARK,0.4132000775449043,0,0.8534352746916273,0.5335219436895174,0.8448413878027464,-2.1997425123302263,0.18657349308558885
DTIKQWRFHTKQFK,0.5845556647888399,0,0.9109920513991656,0.4538418770626807,0.9129344780575743,-1.2775483972251838,0.2548109809047101
SNIPNHRRKQNHDG,0.5617337265402735,0,0.7568839380421685,0.27612788807507055,0.9182283878441257,-1.9512435839594726,0.16195535314635132
QCCKWFTIWGMNGR,0.555983623705991,0,0.8705247188893194,0.514582625307309,0.8748842999951766,-0.8301609535798291,0.40008306024796136
VPCNCPYPWQTYQC,0.48580821230742466,0,0.7991261344328917,0.4825054109475933,1.1434586943252996,-0.1445204944570551,0.3383749776442525
DNEKQWIPQNPVYA,0.44207724913113483,0,0.8624709409782453,0.5177451202423012,0.7646869481787927,-1.718086385102514,0.19470285679038157
VQFNPFWNPIFVHN,0.41426944084614786,0,0.9538203682833893,0.6037748698346648,0.7702929528876267,-1.999368358660215,0.12844788479484662
REYRMIHRDFIQHD,0.40854018155889965,0,0.7299355302321532,0.4493071884725563,1.1623236603564224,-1.0984956519789504,0.2558236795986055
DKTKEFYYIGDNSG,0.6213817776599382,0,0.8881366321952245,0.4891845594991841,1.1622252613453559,-0.5200084206495352,0.4448594099277955
HWTHNRPPRHNGLK,0.6176471806512771,0,0.7808243179007999,0.2544586544332449,0.8820255225746677,-2.2215513757454146,0.18256303436744423
NCCRNNYQKNWNNY,0.6034363326652995,0,0.8143571053246249,0.3798342759858231,1.318935403186944,-0.234008648768076,0.33782700665299537
TENNHRGPCGNQNS,0.6011463752017161,0,0.6141787505016639,0.26385365741644123,1.04308895670857,-0.9275131995772008,0.5016425642329869
KHGDYPYDWLRIQC,0.5914402134638641,0,0.8643466494236843,0.48633311389544404,0.7802785088481873,-0.5178330467746035,0.4268533558712475
EGTFPRFERQRSDR,0.5905050176534423,0,0.7683232352219624,0.36785660740513615,1.2246203604190158,-1.4498860012049988,0.38007677967323206
SRDRFSYTCHCRSG,0.5897387587606895,0,0.8207727708001561,0.31253877772805777,0.8294554746027281,-1.8684759229294883,0.16300953137718233
CYHKQWRCCTTCYC,0.5874017918036354,0,0.8947378403728297,0.4218434179001079,0.7780203492343695,-1.7516944540708776,0.22901473866182726
DKWMKTDYNGHWTK,0.573139140889761,0,0.8406877871380353,0.4280160260336486,1.0919531164536804,-1.175306605650841,0.3209347595707486
RDHKLIGVCDWSHN,0.5458247705758211,0,0.8509536130810927,0.42828037515682765,0.8786892278194749,-1.0915544899972078,0.24630306530311216
ESHFGTSQFKWEKE,0.5336857849099887,0,0.7689637629800479,0.43728813593740257,1.38254885687811,-0.6251075440314678,0.4040203157346868
WCHQDWDDKFKTKH,0.5280394696541054,0,0.8106115889735235,0.39138988886956777,1.078312000563813,-1.6512507756574621,0.21763553910029937
NNTAFWYDTHFCVC,0.5278137492396993,0,0.9612937648009825,0.5736190488660663,0.8485735829435894,-0.07732532341875663,0.2802780666095661
PKNKKMFQDCISKN,0.5252248737207904,0,0.7454625789088928,0.36865008267911703,0.7728975909186758,-1.70690201109817,0.29682475498202926
NHMNWRRVEFVYNN,0.5244196773593107,0,0.8358486880571224,0.5243170477932195,0.8435255196857593,-1.0008175544422564,0.4257760741908156
TCWACYYRPPGGGE,0.5224713064023729,0,0.7925891605984895,0.4893785604649344,1.036457807977145,-1.8074826461095974,0.43852141253763566
DNKSKNDPNWSKHC,0.520795916981251,0,0.6762605934996916,0.3279063486541481,1.312527820333854,-0.3006774737397923,0.344883344271415
TNNGLCPHHGPPPF,0.5196156576391023,0,0.6599896146916914,0.3783390112919501,1.1095538776025873,-0.87831981956675,0.47593010847872214
RPHMTDFFCEGITS,0.5190872476686192,0,0.8038082527420366,0.4783272178305493,0.9368801169596983,-0.6593530025551112,0.38721242551426394
RNNVWNHQNRRTNL,0.5126897779664777,0,0.806653054762545,0.401431392555545,0.8920269989963249,-1.060349006304199,0.2149362315189555
EIPDCHQYYQCTGN,0.5111115396781042,0,0.7915600787674508,0.37126532667398365,0.9956478752334478,-1.68393379086927,0.1816335751692741
PGFQADSPYKQCTP,0.5106518695934248,0,0.8668146027264131,0.4404120392819992,0.9034163753492447,-2.0940482352458374,0.1684986122980217
ERRVWMFQYMFFGA,0.5084359974552115,0,1.0063376563613653,0.6835377944802917,0.9198053979764348,-0.39682615331898335,0.3712722711482758
NGHSPYRNQPNNHP,0.5017325248925895,0,0.6843485058386819,0.2807052565162054,0.8284035721699471,-1.9524439429761624,0.1961785511402259
GTPKQKSKVCTKMC,0.49787420801878973,0,0.7142781636815906,0.32788905225821413,0.7921010762298454,-2.1194421109867103,0.22297019319082656
PTSTNGWICMRIKD,0.4975124544288645,0,0.7821372129233152,0.4746606124254449,0.8311435419221267,-0.26904126653177735,0.38007170786198835
HYQYPQRFSTQQFN,0.49143863048399117,0,0.9002417521783835,0.5069094592970356,1.0134640340270038,-1.8478278238434278,0.1962126752052864
EWNQWRCECYKWSP,0.49074512087886135,0,0.8900884613151824,0.5274466985222237,1.0171912970560117,-0.9914771054458954,0.2562067161718053
TNTKQHGPECRCNE,0.47200949576517337,0,0.6047630146299632,0.2486113711354511,1.3506661604066599,-0.876257408039799,0.23171570454132248
ININGKSRQYFRIS,0.46978374998287253,0,0.8671147337585445,0.515105941780013,0.8383934211905912,-2.084154821087695,0.23554991600868203
NQWQKENFPCGHDG,0.4695206786543339,0,0.7418295199122283,0.4058489056506269,1.3730084278241168,-1.4991580826594475,0.267080128785465
SPDYKQGCKFKCSQ,0.46605802040110733,0,0.6830333348470424,0.3848274546469996,1.0962121627749462,-0.29075228209807785,0.33570428040212896
NCWDSFNQLQVIMH,0.46548085931688554,0,0.7702742795090156,0.5409415147055072,0.7890052573598832,-0.9152303001300707,0.47229618902675435
KHESDARAWVEFSM,0.4581804239559615,0,0.7764928020210545,0.5536683525601381,0.9834156030310615,-0.6229150107115985,0.47071194899009017
HVSNPQGNYDDNRV,0.45292401805657234,0,0.6808544121725465,0.45875700655366974,1.0628110111752762,-0.44539022525620636,0.4616532248753912
KEWPQPGRYYFKNE,0.45096993849356987,0,0.8451467646939806,0.4956042227173095,1.2995761044171885,-1.3815675222109742,0.2028547930337974
MCPRRGDSQWEVKD,0.4438349106720861,0,0.7323152227027233,0.42445230813159013,1.3849735526562272,0.7152567889991134,0.2719439922019058
RSFKMMKWWTKDWC,0.44323976576539426,0,0.9311516586338802,0.5816595628577367,0.8098896133878509,-1.6244056769973492,0.1874953399785016
TSACPSQKKTDATS,0.440062398190603,0,0.680678109683554,0.32527596699955696,1.07085040922322,-2.518045921087595,0.1693205110132119
TAHWYLGRWPLGDI,0.4398641917009694,0,0.9326051692541509,0.5789348463827427,0.8943223519168194,-2.1702189475092366,0.17238773765912238
SDTHQCNRGNTKAV,0.43975831293940704,0,0.6429269678634343,0.31955041002508777,0.7821307950725233,-2.621240265353516,0.23276351020212105
ECSSYADKWPDGWL,0.43944320509018236,0,0.7847867190272236,0.5615908436023501,1.1424514920366569,-0.4816169658985166,0.4324946593306177
GTEKQQFRWPEYPG,0.4378524637806169,0,0.7962031004686975,0.4203911022352101,1.0235438597236435,-1.9736069866082246,0.12408093109425897
NKTFNPEPYENHCD,0.4307585963373905,0,0.7283852318566658,0.4082140799006884,1.2417382225631926,-1.6917229210064122,0.2211748887628262
WRSPTKTNTGNRKY,0.4303148772112666,0,0.6002394485176269,0.2634314524063986,0.7899302577607132,-1.2573216548663761,0.1870137622000766
WYMWWHCSKNFYYA,0.4301980126105465,0,0.9707345015738719,0.6563625125435334,1.0504854727510764,0.6601519479120981,0.23165204716041612
ADQDTFQEFQGGHP,0.4294600941002027,0,0.8144676979987694,0.4614421647993682,1.2113440234178257,-2.4427759556433357,0.152869121801603
CESCGWNSGPPICR,0.42853055089484304,0,0.6770316641454448,0.4174907417526537,1.2037863442374717,-0.2710102121556654,0.337979257004104
LWAIFYHWWSTNIS,0.42392276049167793,0,0.967647561512461,0.7144174382731733,0.9580981475616137,-1.0707879392842337,0.3413852745047804
KPKERYEHEYCYPC,0.4208196237355037,0,0.7183571857564379,0.4031001340443803,1.0715132977372905,-1.8273428294495628,0.2111251440468921
TGPEYAFYPGPQNS,0.4205681130943483,0,0.7717274977838621,0.5106805214860758,1.3271755362511046,-0.7011412581638389,0.3190422735931239
YKDWHKMHRTPPRA,0.41749225192064665,0,0.7761267848904697,0.4626337527733204,0.7656114855652821,-1.852082591408503,0.2079984396069947
TVKNAPLNWPQSGG,0.41082067012556767,0,0.7614131439964984,0.5240940545597709,1.4310284429238782,-0.6014374605598557,0.3470031613776803
KSGCNSCSTPTMQS,0.40905042421778265,0,0.5663390177365203,0.31552656539936347,1.2204568321352203,-1.6292940103246225,0.31647594376125165
PDECINDHCRRPIK,0.40741669153524296,0,0.6541621564069222,0.36941152767995905,1.0417589357353219,-1.4197835739590394,0.24533212561655957
DGICKHCEKWYRDE,0.40011900373030684,0,0.7262239006595227,0.42882060232079683,1.138598108169927,-1.6804496269485971,0.20543141078316193
ADHHRWPIFLMSCM,0.39899870109247,0,0.9005555389009063,0.6277189617707473,0.787504254298654,-0.4969146323257865,0.2523242479246218
FQEEFAYYAQKIYN,0.39457233414654563,0,0.8925370959321074,0.6704103915943866,0.9538252118100622,-0.3879450150154529,0.34489125961764977
KTHWAFYIIAQCRY,0.3931269111717043,0,0.8741370342042282,0.6934188007834073,0.8354667690961405,-1.237756953903377,0.42481735550176686
TNQPFWYRYEYYEF,0.3911806776724019,0,0.9880017912834435,0.699649504392378,0.8190808045737706,-2.544322950482262,0.20565678156267297
YTVPPWQFTPFEAP,0.38705149502466835,0,0.7986279986935735,0.5896261131917553,0.9314196325816414,-0.38995484510101397,0.3560992190457003
FYYDWAFGYSQRWR,0.5268332751033609,0,1.0777511034020753,0.6218836122868635,0.9253854709929842,-2.350506281423781,0.14193156797629813
HTSLWYWEQSIFYQ,0.49580874870359604,0,1.0159829316946607,0.6048449790977906,0.9960964712874492,-2.262174531427488,0.16934159221345185
CYCGKWRLFWRSKQ,0.4932525084734961,0,0.9379447185384294,0.5119097540624652,0.8360863596640192,-2.197410760686363,0.13443508799506382
FWETKFFKNYSFRM,0.48402522804516057,0,1.0269238814581183,0.623508962478362,0.8528287213844247,-1.647579108931416,0.16122061813080846
YFMCWFRTRHAEFE,0.4393811234412808,0,0.9383593238583042,0.592579250598582,0.7764523881030462,-1.5399638664620376,0.187202100363117
RNGYFEFNFDNEVK,0.4157550678868568,0,0.894936541887784,0.5845342147639139,1.1710304987508293,-1.4353847250941316,0.21070548152597318
KKRFTCRTNGPGNH,0.7257531998527179,0,0.729482243584297,0.1962101734986803,0.8175703168366386,-0.9195103295826205,0.3849622595342023
FEHCCSFCWPAHCA,0.5828933163337351,0,0.8668529212007462,0.49524082247851653,0.8005798904921527,-1.3473563850411938,0.42256243522301074
MTEKWSSYHCKGWY,0.5701794962742194,0,0.8671352847200507,0.5293193093519647,0.9492263248509795,-0.34583295195450353,0.4647270418122666
CGDHLKFFCVEKMH,0.5635622084487362,0,0.8914933929213241,0.49891772230366643,0.8327721192298502,-0.5652502418407733,0.341973075662157
SNSDYIVYWKFDQH,0.5053754772041319,0,0.9464554039335722,0.5289606344832314,0.8002398853655329,-2.2686127525100352,0.17576141550758229
GLKMWWSRGGYQYS,0.4993017374537911,0,0.850298848567285,0.49863393315640464,1.1805168490521785,0.6940464213030735,0.29527364408582146
DTRKPYKGHWQHEQ,0.495946245293682,0,0.8199116327451126,0.412721563893691,0.939532949185706,-1.9392703855093683,0.17751235288452086
QCNQYHQWVWTWTN,0.4908612268435345,0,0.7994403872593114,0.5026835372550567,0.8934240496259042,-1.2848612841511675,0.38820875367855945
LDRKNCCVNKKTRR,0.48727953737856583,0,0.7147196404311367,0.3221937172221478,1.0077804845417973,-1.5323543060594342,0.18950722833915387
CYPYYRHFAERQLE,0.48314415061568383,0,0.9625453974701665,0.6011328756459816,1.223011303867617,-1.5896154315410025,0.24346325758299775
DPIFDPNRHHKHGL,0.43953511296760717,0,0.7363798016184832,0.38625520294871757,1.078973947214194,-1.7931650873711167,0.1788210285956832
ARTSFEEWAMHCNV,0.4349080951151856,0,0.7796670370773593,0.560415789996201,0.8839854600934962,-0.9683735965672859,0.43131369606805453
EEHPWVKIHVCIHR,0.4340558893540759,0,0.8241906276095712,0.47190222814795973,0.7988778832959892,-2.1427131950406175,0.16353497978492895
EVHMYFAKGYFQNV,0.4090118451866963,0,1.0215245556294164,0.6960337693695852,1.214963262685516,-1.6474261400174737,0.1670421178537302
DPKAFWVIDSNHRI,0.40673231316501485,0,0.816960326543108,0.6112715590527082,0.7708400971053296,-0.47332166591665475,0.40208709134923015
SHMRTITAWTPKRL,0.397316928945354,0,0.7966949912045682,0.5273188887832537,0.7675145946275173,-1.8200038002392986,0.25588165304807897
NPILPIWHFIGGWE,0.3926841532373028,0,0.8683858387248814,0.6409040460623233,0.8747450111021989,-0.10214363257904596,0.3304047211494895
CKCWTTFKTRKRGA,0.6474588814607727,1,0.9311805677989753,0.365880918568713,0.9655148182820567,-1.288455238325646,0.16431846446102083
RDTTFFWSWYDKQK,0.6034080592047752,0,1.0226541880261395,0.5687532479104863,1.1233530506197233,-0.24210219497000426,0.29901423817824413
GHRKGSHWSKDTKD,0.5863287357883185,0,0.7484317575782007,0.24611715102135956,0.9779785481789061,-1.7902228388443346,0.16802825846295458
HPIRHECCNEKGEK,0.5215924721209343,0,0.6876888183374383,0.28306966608149114,1.2752018518114696,-1.1738286499780604,0.23394663972997426
VHNPSMYRHSEKHN,0.5144316317477933,0,0.785515755202233,0.36760725626857643,0.9385976974493123,-2.713233232831214,0.19304626562827343
STWHNWFWVNDWLY,0.46886830695774406,0,0.9758712769227568,0.6663089760353218,1.010234318187455,0.4640978478628532,0.3186120121406182
TEGWQFTFYTDWWP,0.46514530295111955,0,0.9868770979320294,0.6111038091188535,0.8520311488329205,-2.0405532677601608,0.17874402827588737
LKQDTTSRHHDLGR,0.459261258066716,0,0.7058696737349842,0.3221155247654181,1.0700375686848822,-2.70963045599216,0.1510142181942999
FDGKKKCYNKNPRR,0.43184757675139507,0,0.7034108134332521,0.35149918988918866,0.9425585727343405,-2.6133795734272396,0.1598719064146633
GRYSQQTWFECQWF,0.42724836673055117,0,0.8966279136884286,0.5698473496082502,1.03181169773912,-1.898603989546232,0.2009356053007455
CKWSFYCFRTYMVK,0.4047830516778643,0,0.9462231197799814,0.6378561355378947,0.8582884489532167,-2.0598985409861776,0.19283213487155518
GWNGYIGKYRMYFF,0.38724165966288604,0,0.9842180400187583,0.6689013769602217,0.7950034158161023,-2.018931461269841,0.14384999320869873
CRPYYKQSEYWWQL,0.6889400301844306,1,1.085850094869959,0.49358016365122576,0.8894805119781198,-0.7887930125971075,0.19334019793139479
RWDWWDHVFQSKKC,0.5915337007994518,0,0.9426862431460843,0.4855009361938571,0.948200766359896,-0.8895082046871942,0.2686967876944491
KHGGRGWEQGFIIR,0.5644794935115793,0,0.8572858723829239,0.39225092235913217,0.8116403670250314,-1.813041714459297,0.19888908697557528
LEFWFSNQWEYKCN,0.5636240425341899,0,0.9697648986344222,0.5906873085414569,0.9640924553750821,-0.12223552243485737,0.3690929048824492
SLQPWYWWNRNAWT,0.5634338996542052,0,1.0117022808224296,0.6316189643096908,0.8356522261477707,-0.9801793241767008,0.36670116628293276
KISIFDETHEYRKQ,0.4857886449508222,0,0.8030663319757738,0.49976041362034346,0.9952296649100888,-0.36468314730013346,0.3649654531907836
HKKRNNPWILGRMM,0.48458670848481056,0,0.8397188402053223,0.4265022266832504,0.8078268314889745,-2.215908049046148,0.14274018992547738
MSGGQWEYHMTYSQ,0.47934167901797387,0,0.8948617788908338,0.5048819713586262,1.0849063291851162,-1.5721197264195652,0.17872374297153248
KMWANAYWWDHKNW,0.4784536049818936,0,0.9964660529998258,0.6092934698608622,1.02148938503162,0.09941788366005531,0.18256204368585993
HCRAPYTRNMFRFK,0.46813467659496955,0,0.7997481258916807,0.39715758707349375,0.8959872191405736,-1.9866828960485943,0.13108827555356528
SHWKTWAVNYFGGA,0.4321686000056851,0,0.9811371725269923,0.6479939697539968,0.8473520865083177,-1.9530160129634682,0.1980507944653792
EPCPFTQFIGWYQY,0.41998801102887096,0,0.874513823434334,0.6061572549088325,1.0368327505186439,-0.9808107164979595,0.30326288500673887
ENDHQYVHFQEWND,0.41656433031872026,0,0.7364173632282703,0.5421083669870406,0.9299063711205374,-0.6919303640039725,0.44451066815498097
KEAMFVGFAWHKRE,0.4101757825159297,0,0.864022307291687,0.5378114438777609,0.9803624229361341,-2.2422872231225663,0.16792983820400703
QENKFMYYGDPPGD,0.39117851787863095,0,0.7881993001715841,0.46290614848483846,0.8333290079970855,-2.2586869281511817,0.13177073238377057
CQWCHGRQFGLYTK,0.6734612069622292,0,0.9851653909136869,0.4524934146992771,0.868385374341479,-1.2456948164490742,0.28157846149563875
AYRCKQWPHPHPIR,0.6480630537377543,0,0.9617670566460567,0.4038358056333144,0.7595962263170732,-2.151757490343759,0.1802636054500239
GKFNWPIRCCCTKH,0.6423613034764503,0,0.8854937673047498,0.39672289743540445,1.0564606269088697,-0.001479754614886512,0.30718086721420973
KCPHCGHFTERRVC,0.6419802907328478,0,0.8466977051747779,0.30545559042773024,0.9382611092528194,-2.164069845220006,0.20147635197160024
RRRGFVSRQCRERQ,0.6390127424047742,0,0.8847237679327717,0.33877701196686166,0.9118714706420187,-1.3459657825113096,0.18613197287772815
KKGDTYFSNWCEAP,0.6216489254015182,0,0.879951667439783,0.4595026685719629,0.8800624131904015,-0.8626114299394717,0.4023998530673961
ASSYCHNYTHHYCH,0.6176666606404115,0,0.904660252149463,0.4689847086897538,0.9944031150131915,-0.1970277079729451,0.36398223436140464
ESGGYWGYQNRGMR,0.6124889205429047,0,0.9782961898652069,0.4694497916311622,1.0949045690039971,0.6455740397854224,0.20728504461771993
GTWECQHFCNLLKC,0.611926877497571,0,0.8939031590234242,0.43246486931499933,1.1194708662804758,0.10682082132844772,0.3009771755782923
YHRCNPYRWEPSFS,0.607503557444893,0,0.8815648057178082,0.44520954520259687,1.0436913882831362,-0.40985324444254245,0.3422965938593636
PRTYNETQCDSYHK,0.6028498721060326,0,0.770550347467546,0.2982290528130047,1.1529854093612555,-1.0720670760201758,0.2610571549029826
IKFKCKSHFAPRCK,0.6024890496606314,0,0.8307538996132546,0.34216844593842904,0.9386775997681247,-1.5879517612377825,0.22780719197161173
RDWPYCCHNVPLIH,0.6019045586122499,0,0.81010402851247,0.4164699460301036,1.0301717866577447,-0.840746439325159,0.41654095225976706
TVTGEFFSKRGRPS,0.5964671598191328,0,0.7653854292544146,0.42235722231487993,0.9094416445599257,-1.0402269812614693,0.5068779057591963
